model_a,model_b,display_model_a,display_model_b,family_a,family_b,generation_a,generation_b,variant_a,variant_b,params_b_a,params_b_b,same_shape,same_qwen25_size,selected_a,selected_b,exact_overlap,exact_jaccard,normalized_depth_density_cosine,normalized_depth_bin_jaccard,signature_cosine
qwen2.5-7b-attn,qwen2.5-14b-attn,qwen2.5-7b,qwen2.5-14b,Qwen,Qwen,Qwen2.5,Qwen2.5,base,base,7.0,14.0,False,False,6,9,,,0.8588755018677745,0.14285714285714285,0.7157785137046434
qwen2.5-7b-attn,qwen2.5-32b-attn,qwen2.5-7b,qwen2.5-32b,Qwen,Qwen,Qwen2.5,Qwen2.5,base,base,7.0,32.0,False,False,6,21,,,0.2548886475709155,0.2857142857142857,0.6687976728877655
qwen2.5-7b-attn,qwen2.5-7b-instruct-attn,qwen2.5-7b,qwen2.5-7b-instruct,Qwen,Qwen,Qwen2.5,Qwen2.5,base,instruct,7.0,7.0,True,True,6,24,4.0,0.15384615384615385,0.41640649388658973,0.5,-0.1496729957033788
qwen2.5-7b-attn,qwen2.5-14b-instruct-attn,qwen2.5-7b,qwen2.5-14b-instruct,Qwen,Qwen,Qwen2.5,Qwen2.5,base,instruct,7.0,14.0,False,False,6,61,,,0.3480652066885967,0.2857142857142857,-0.13249013262596337
qwen2.5-7b-attn,qwen2.5-32b-instruct-attn,qwen2.5-7b,qwen2.5-32b-instruct,Qwen,Qwen,Qwen2.5,Qwen2.5,base,instruct,7.0,32.0,False,False,6,115,,,0.6139870852483489,0.375,-0.31296835703230513
qwen2.5-7b-attn,qwen2.5-coder-7b-instruct-attn,qwen2.5-7b,qwen2.5-coder-7b-instruct,Qwen,Qwen,Qwen2.5,Qwen2.5,base,coder-instruct,7.0,7.0,True,True,6,28,3.0,0.0967741935483871,0.2733740065562565,0.5,-0.039809998667603465
qwen2.5-7b-attn,qwen2.5-coder-14b-instruct-attn,qwen2.5-7b,qwen2.5-coder-14b-instruct,Qwen,Qwen,Qwen2.5,Qwen2.5,base,coder-instruct,7.0,14.0,False,False,6,46,,,0.7455277309335842,0.2857142857142857,0.00639462763254889
qwen2.5-7b-attn,qwen2.5-coder-32b-instruct-attn,qwen2.5-7b,qwen2.5-coder-32b-instruct,Qwen,Qwen,Qwen2.5,Qwen2.5,base,coder-instruct,7.0,32.0,False,False,6,118,,,0.5236759266034413,0.375,-0.18742211033978953
qwen2.5-7b-attn,qwen3-8b-attn,qwen2.5-7b,qwen3-8b,Qwen,Qwen,Qwen2.5,Qwen3,base,base,7.0,8.0,False,False,6,40,,,0.764153770065401,0.3333333333333333,-0.27815556214296255
qwen2.5-7b-attn,qwen3-14b-attn,qwen2.5-7b,qwen3-14b,Qwen,Qwen,Qwen2.5,Qwen3,base,base,7.0,14.0,False,False,6,63,,,0.6692986021550433,0.5,-0.23659347653135346
qwen2.5-7b-attn,qwen3-32b-attn,qwen2.5-7b,qwen3-32b,Qwen,Qwen,Qwen2.5,Qwen3,base,base,7.0,32.0,False,False,6,36,,,0.2516098041413563,0.42857142857142855,0.034656206957245195
qwen2.5-7b-attn,gemma-2-9b-it-attn,qwen2.5-7b,gemma-2-9b-it,Qwen,Gemma,Qwen2.5,Gemma2,base,it,7.0,9.0,False,False,6,24,,,0.7221853807284742,0.5,-0.2598516977480748
qwen2.5-7b-attn,gemma-2-27b-it-attn,qwen2.5-7b,gemma-2-27b-it,Qwen,Gemma,Qwen2.5,Gemma2,base,it,7.0,27.0,False,False,6,53,,,0.3452564751677816,0.2857142857142857,-0.4127497849329157
qwen2.5-7b-attn,gemma-3-4b-it-attn,qwen2.5-7b,gemma-3-4b-it,Qwen,Gemma,Qwen2.5,Gemma3,base,it,7.0,4.0,False,False,6,17,,,0.36529935301692645,0.2857142857142857,-0.5649210001958682
qwen2.5-7b-attn,gemma-3-12b-it-attn,qwen2.5-7b,gemma-3-12b-it,Qwen,Gemma,Qwen2.5,Gemma3,base,it,7.0,12.0,False,False,6,25,,,0.5945744878515458,0.375,-0.4700756853307145
qwen2.5-7b-attn,gemma-3-27b-it-attn,qwen2.5-7b,gemma-3-27b-it,Qwen,Gemma,Qwen2.5,Gemma3,base,it,7.0,27.0,False,False,6,43,,,0.2262865806824022,0.2857142857142857,-0.23824747547529512
qwen2.5-14b-attn,qwen2.5-32b-attn,qwen2.5-14b,qwen2.5-32b,Qwen,Qwen,Qwen2.5,Qwen2.5,base,base,14.0,32.0,False,False,9,21,,,0.31472961028425356,0.5714285714285714,0.7702791385620978
qwen2.5-14b-attn,qwen2.5-7b-instruct-attn,qwen2.5-14b,qwen2.5-7b-instruct,Qwen,Qwen,Qwen2.5,Qwen2.5,base,instruct,14.0,7.0,False,False,9,24,,,0.36211185312306815,0.375,-0.17850649062137097
qwen2.5-14b-attn,qwen2.5-14b-instruct-attn,qwen2.5-14b,qwen2.5-14b-instruct,Qwen,Qwen,Qwen2.5,Qwen2.5,base,instruct,14.0,14.0,True,True,9,61,5.0,0.07692307692307693,0.32996724011371104,0.8333333333333334,0.16539569503782287
qwen2.5-14b-attn,qwen2.5-32b-instruct-attn,qwen2.5-14b,qwen2.5-32b-instruct,Qwen,Qwen,Qwen2.5,Qwen2.5,base,instruct,14.0,32.0,False,False,9,115,,,0.6228467402094701,0.625,-0.29256992216967836
qwen2.5-14b-attn,qwen2.5-coder-7b-instruct-attn,qwen2.5-14b,qwen2.5-coder-7b-instruct,Qwen,Qwen,Qwen2.5,Qwen2.5,base,coder-instruct,14.0,7.0,False,False,9,28,,,0.460528479139511,0.5714285714285714,-0.1722159232546604
qwen2.5-14b-attn,qwen2.5-coder-14b-instruct-attn,qwen2.5-14b,qwen2.5-coder-14b-instruct,Qwen,Qwen,Qwen2.5,Qwen2.5,base,coder-instruct,14.0,14.0,True,True,9,46,5.0,0.1,0.7381358551967018,0.8333333333333334,0.2914124122689088
qwen2.5-14b-attn,qwen2.5-coder-32b-instruct-attn,qwen2.5-14b,qwen2.5-coder-32b-instruct,Qwen,Qwen,Qwen2.5,Qwen2.5,base,coder-instruct,14.0,32.0,False,False,9,118,,,0.4844623187032686,0.4444444444444444,-0.1702618016080198
qwen2.5-14b-attn,qwen3-8b-attn,qwen2.5-14b,qwen3-8b,Qwen,Qwen,Qwen2.5,Qwen3,base,base,14.0,8.0,False,False,9,40,,,0.7885042880673725,0.6666666666666666,-0.1580084877794496
qwen2.5-14b-attn,qwen3-14b-attn,qwen2.5-14b,qwen3-14b,Qwen,Qwen,Qwen2.5,Qwen3,base,base,14.0,14.0,False,False,9,63,,,0.6452783764187439,0.5714285714285714,-0.31690878404932166
qwen2.5-14b-attn,qwen3-32b-attn,qwen2.5-14b,qwen3-32b,Qwen,Qwen,Qwen2.5,Qwen3,base,base,14.0,32.0,False,False,9,36,,,0.3244246420548542,0.7142857142857143,0.12438788732260792
qwen2.5-14b-attn,gemma-2-9b-it-attn,qwen2.5-14b,gemma-2-9b-it,Qwen,Gemma,Qwen2.5,Gemma2,base,it,14.0,9.0,False,False,9,24,,,0.8289027063933317,0.5714285714285714,-0.5520910453330238
qwen2.5-14b-attn,gemma-2-27b-it-attn,qwen2.5-14b,gemma-2-27b-it,Qwen,Gemma,Qwen2.5,Gemma2,base,it,14.0,27.0,False,False,9,53,,,0.39778039104940943,0.8333333333333334,-0.45689076224725256
qwen2.5-14b-attn,gemma-3-4b-it-attn,qwen2.5-14b,gemma-3-4b-it,Qwen,Gemma,Qwen2.5,Gemma3,base,it,14.0,4.0,False,False,9,17,,,0.5278431110921232,0.5714285714285714,-0.5953136827047969
qwen2.5-14b-attn,gemma-3-12b-it-attn,qwen2.5-14b,gemma-3-12b-it,Qwen,Gemma,Qwen2.5,Gemma3,base,it,14.0,12.0,False,False,9,25,,,0.6266290769012476,0.4444444444444444,-0.5969476041185107
qwen2.5-14b-attn,gemma-3-27b-it-attn,qwen2.5-14b,gemma-3-27b-it,Qwen,Gemma,Qwen2.5,Gemma3,base,it,14.0,27.0,False,False,9,43,,,0.2224485397594201,0.5714285714285714,-0.3197647269557589
qwen2.5-32b-attn,qwen2.5-7b-instruct-attn,qwen2.5-32b,qwen2.5-7b-instruct,Qwen,Qwen,Qwen2.5,Qwen2.5,base,instruct,32.0,7.0,False,False,21,24,,,0.8862601394186562,0.5,-0.20676062469524265
qwen2.5-32b-attn,qwen2.5-14b-instruct-attn,qwen2.5-32b,qwen2.5-14b-instruct,Qwen,Qwen,Qwen2.5,Qwen2.5,base,instruct,32.0,14.0,False,False,21,61,,,0.9602660487078614,0.7142857142857143,-0.06726416020794297
qwen2.5-32b-attn,qwen2.5-32b-instruct-attn,qwen2.5-32b,qwen2.5-32b-instruct,Qwen,Qwen,Qwen2.5,Qwen2.5,base,instruct,32.0,32.0,True,True,21,115,13.0,0.10569105691056911,0.7971863223207905,0.5555555555555556,-0.14566293541248349
qwen2.5-32b-attn,qwen2.5-coder-7b-instruct-attn,qwen2.5-32b,qwen2.5-coder-7b-instruct,Qwen,Qwen,Qwen2.5,Qwen2.5,base,coder-instruct,32.0,7.0,False,False,21,28,,,0.7875287945433825,0.7142857142857143,-0.21292080740194733
qwen2.5-32b-attn,qwen2.5-coder-14b-instruct-attn,qwen2.5-32b,qwen2.5-coder-14b-instruct,Qwen,Qwen,Qwen2.5,Qwen2.5,base,coder-instruct,32.0,14.0,False,False,21,46,,,0.7976242035929842,0.7142857142857143,0.01830021977609535
qwen2.5-32b-attn,qwen2.5-coder-32b-instruct-attn,qwen2.5-32b,qwen2.5-coder-32b-instruct,Qwen,Qwen,Qwen2.5,Qwen2.5,base,coder-instruct,32.0,32.0,True,True,21,118,10.0,0.07751937984496124,0.6237259443276273,0.5555555555555556,-0.1249001149339423
qwen2.5-32b-attn,qwen3-8b-attn,qwen2.5-32b,qwen3-8b,Qwen,Qwen,Qwen2.5,Qwen3,base,base,32.0,8.0,False,False,21,40,,,0.6924241478305826,0.8333333333333334,-0.4477718526352771
qwen2.5-32b-attn,qwen3-14b-attn,qwen2.5-32b,qwen3-14b,Qwen,Qwen,Qwen2.5,Qwen3,base,base,32.0,14.0,False,False,21,63,,,0.8256418475329758,0.7142857142857143,-0.3689527102842489
qwen2.5-32b-attn,qwen3-32b-attn,qwen2.5-32b,qwen3-32b,Qwen,Qwen,Qwen2.5,Qwen3,base,base,32.0,32.0,False,False,21,36,,,0.6683412389360593,0.625,0.20267863129440086
qwen2.5-32b-attn,gemma-2-9b-it-attn,qwen2.5-32b,gemma-2-9b-it,Qwen,Gemma,Qwen2.5,Gemma2,base,it,32.0,9.0,False,False,21,24,,,0.7628214415734117,0.7142857142857143,-0.3823780413424495
qwen2.5-32b-attn,gemma-2-27b-it-attn,qwen2.5-32b,gemma-2-27b-it,Qwen,Gemma,Qwen2.5,Gemma2,base,it,32.0,27.0,False,False,21,53,,,0.9719098014095183,0.7142857142857143,-0.41372221794305525
qwen2.5-32b-attn,gemma-3-4b-it-attn,qwen2.5-32b,gemma-3-4b-it,Qwen,Gemma,Qwen2.5,Gemma3,base,it,32.0,4.0,False,False,21,17,,,0.9230816949676237,0.7142857142857143,-0.4431580392384051
qwen2.5-32b-attn,gemma-3-12b-it-attn,qwen2.5-32b,gemma-3-12b-it,Qwen,Gemma,Qwen2.5,Gemma3,base,it,32.0,12.0,False,False,21,25,,,0.8640334549599668,0.5555555555555556,-0.5736955760133134
qwen2.5-32b-attn,gemma-3-27b-it-attn,qwen2.5-32b,gemma-3-27b-it,Qwen,Gemma,Qwen2.5,Gemma3,base,it,32.0,27.0,False,False,21,43,,,0.974470978285812,0.7142857142857143,-0.31476044408487897
qwen2.5-7b-instruct-attn,qwen2.5-14b-instruct-attn,qwen2.5-7b-instruct,qwen2.5-14b-instruct,Qwen,Qwen,Qwen2.5,Qwen2.5,instruct,instruct,7.0,14.0,False,False,24,61,,,0.9478034052497551,0.5,0.5552063454423002
qwen2.5-7b-instruct-attn,qwen2.5-32b-instruct-attn,qwen2.5-7b-instruct,qwen2.5-32b-instruct,Qwen,Qwen,Qwen2.5,Qwen2.5,instruct,instruct,7.0,32.0,False,False,24,115,,,0.889873941245602,0.75,0.5246472442841652
qwen2.5-7b-instruct-attn,qwen2.5-coder-7b-instruct-attn,qwen2.5-7b-instruct,qwen2.5-coder-7b-instruct,Qwen,Qwen,Qwen2.5,Qwen2.5,instruct,coder-instruct,7.0,7.0,True,True,24,28,13.0,0.3333333333333333,0.7821929486806612,0.7142857142857143,0.11908121093790175
qwen2.5-7b-instruct-attn,qwen2.5-coder-14b-instruct-attn,qwen2.5-7b-instruct,qwen2.5-coder-14b-instruct,Qwen,Qwen,Qwen2.5,Qwen2.5,instruct,coder-instruct,7.0,14.0,False,False,24,46,,,0.8625981342903793,0.5,-0.02007643307829893
qwen2.5-7b-instruct-attn,qwen2.5-coder-32b-instruct-attn,qwen2.5-7b-instruct,qwen2.5-coder-32b-instruct,Qwen,Qwen,Qwen2.5,Qwen2.5,instruct,coder-instruct,7.0,32.0,False,False,24,118,,,0.7833531409464468,0.75,0.057703398029088575
qwen2.5-7b-instruct-attn,qwen3-8b-attn,qwen2.5-7b-instruct,qwen3-8b,Qwen,Qwen,Qwen2.5,Qwen3,instruct,base,7.0,8.0,False,False,24,40,,,0.7456653801725959,0.5714285714285714,0.1770294798646323
qwen2.5-7b-instruct-attn,qwen3-14b-attn,qwen2.5-7b-instruct,qwen3-14b,Qwen,Qwen,Qwen2.5,Qwen3,instruct,base,7.0,14.0,False,False,24,63,,,0.9349628877692993,0.7142857142857143,0.29284522539279023
qwen2.5-7b-instruct-attn,qwen3-32b-attn,qwen2.5-7b-instruct,qwen3-32b,Qwen,Qwen,Qwen2.5,Qwen3,instruct,base,7.0,32.0,False,False,24,36,,,0.7277336828334622,0.625,0.1501872503584299
qwen2.5-7b-instruct-attn,gemma-2-9b-it-attn,qwen2.5-7b-instruct,gemma-2-9b-it,Qwen,Gemma,Qwen2.5,Gemma2,instruct,it,7.0,9.0,False,False,24,24,,,0.7446987151400961,0.7142857142857143,-0.3392205271707668
qwen2.5-7b-instruct-attn,gemma-2-27b-it-attn,qwen2.5-7b-instruct,gemma-2-27b-it,Qwen,Gemma,Qwen2.5,Gemma2,instruct,it,7.0,27.0,False,False,24,53,,,0.9341419583118795,0.5,-0.48875756343659427
qwen2.5-7b-instruct-attn,gemma-3-4b-it-attn,qwen2.5-7b-instruct,gemma-3-4b-it,Qwen,Gemma,Qwen2.5,Gemma3,instruct,it,7.0,4.0,False,False,24,17,,,0.7467366574251062,0.5,-0.1379853904056983
qwen2.5-7b-instruct-attn,gemma-3-12b-it-attn,qwen2.5-7b-instruct,gemma-3-12b-it,Qwen,Gemma,Qwen2.5,Gemma3,instruct,it,7.0,12.0,False,False,24,25,,,0.8401373401393635,0.75,-0.29317657333780595
qwen2.5-7b-instruct-attn,gemma-3-27b-it-attn,qwen2.5-7b-instruct,gemma-3-27b-it,Qwen,Gemma,Qwen2.5,Gemma3,instruct,it,7.0,27.0,False,False,24,43,,,0.9129386791903575,0.3333333333333333,-0.36102085376410953
qwen2.5-14b-instruct-attn,qwen2.5-32b-instruct-attn,qwen2.5-14b-instruct,qwen2.5-32b-instruct,Qwen,Qwen,Qwen2.5,Qwen2.5,instruct,instruct,14.0,32.0,False,False,61,115,,,0.8210493594690581,0.75,0.3432850959627527
qwen2.5-14b-instruct-attn,qwen2.5-coder-7b-instruct-attn,qwen2.5-14b-instruct,qwen2.5-coder-7b-instruct,Qwen,Qwen,Qwen2.5,Qwen2.5,instruct,coder-instruct,14.0,7.0,False,False,61,28,,,0.739223166117679,0.7142857142857143,-0.17634134661036882
qwen2.5-14b-instruct-attn,qwen2.5-coder-14b-instruct-attn,qwen2.5-14b-instruct,qwen2.5-coder-14b-instruct,Qwen,Qwen,Qwen2.5,Qwen2.5,instruct,coder-instruct,14.0,14.0,True,True,61,46,27.0,0.3375,0.8579373880476309,1.0,0.32229563323215404
qwen2.5-14b-instruct-attn,qwen2.5-coder-32b-instruct-attn,qwen2.5-14b-instruct,qwen2.5-coder-32b-instruct,Qwen,Qwen,Qwen2.5,Qwen2.5,instruct,coder-instruct,14.0,32.0,False,False,61,118,,,0.6424203326679936,0.5555555555555556,-0.19416002351378892
qwen2.5-14b-instruct-attn,qwen3-8b-attn,qwen2.5-14b-instruct,qwen3-8b,Qwen,Qwen,Qwen2.5,Qwen3,instruct,base,14.0,8.0,False,False,61,40,,,0.7196673446278248,0.8333333333333334,0.2053773450155128
qwen2.5-14b-instruct-attn,qwen3-14b-attn,qwen2.5-14b-instruct,qwen3-14b,Qwen,Qwen,Qwen2.5,Qwen3,instruct,base,14.0,14.0,False,False,61,63,,,0.8916028301178396,0.7142857142857143,0.005782134498818626
qwen2.5-14b-instruct-attn,qwen3-32b-attn,qwen2.5-14b-instruct,qwen3-32b,Qwen,Qwen,Qwen2.5,Qwen3,instruct,base,14.0,32.0,False,False,61,36,,,0.6199791404253341,0.8571428571428571,0.003372081768277081
qwen2.5-14b-instruct-attn,gemma-2-9b-it-attn,qwen2.5-14b-instruct,gemma-2-9b-it,Qwen,Gemma,Qwen2.5,Gemma2,instruct,it,14.0,9.0,False,False,61,24,,,0.733407022439224,0.7142857142857143,-0.5846888570580231
qwen2.5-14b-instruct-attn,gemma-2-27b-it-attn,qwen2.5-14b-instruct,gemma-2-27b-it,Qwen,Gemma,Qwen2.5,Gemma2,instruct,it,14.0,27.0,False,False,61,53,,,0.9761306621126338,1.0,-0.39392966287871767
qwen2.5-14b-instruct-attn,gemma-3-4b-it-attn,qwen2.5-14b-instruct,gemma-3-4b-it,Qwen,Gemma,Qwen2.5,Gemma3,instruct,it,14.0,4.0,False,False,61,17,,,0.8334681915433415,0.7142857142857143,-0.11593077825957908
qwen2.5-14b-instruct-attn,gemma-3-12b-it-attn,qwen2.5-14b-instruct,gemma-3-12b-it,Qwen,Gemma,Qwen2.5,Gemma3,instruct,it,14.0,12.0,False,False,61,25,,,0.8520446336748839,0.5555555555555556,-0.2958823451531272
qwen2.5-14b-instruct-attn,gemma-3-27b-it-attn,qwen2.5-14b-instruct,gemma-3-27b-it,Qwen,Gemma,Qwen2.5,Gemma3,instruct,it,14.0,27.0,False,False,61,43,,,0.9871155634624721,0.7142857142857143,-0.17845345510814778
qwen2.5-32b-instruct-attn,qwen2.5-coder-7b-instruct-attn,qwen2.5-32b-instruct,qwen2.5-coder-7b-instruct,Qwen,Qwen,Qwen2.5,Qwen2.5,instruct,coder-instruct,32.0,7.0,False,False,115,28,,,0.6835141141642858,0.75,-0.20699129618388798
qwen2.5-32b-instruct-attn,qwen2.5-coder-14b-instruct-attn,qwen2.5-32b-instruct,qwen2.5-coder-14b-instruct,Qwen,Qwen,Qwen2.5,Qwen2.5,instruct,coder-instruct,32.0,14.0,False,False,115,46,,,0.884055434275488,0.75,-0.14228838602775806
qwen2.5-32b-instruct-attn,qwen2.5-coder-32b-instruct-attn,qwen2.5-32b-instruct,qwen2.5-coder-32b-instruct,Qwen,Qwen,Qwen2.5,Qwen2.5,instruct,coder-instruct,32.0,32.0,True,True,115,118,45.0,0.2393617021276596,0.8931322374910962,0.7777777777777778,0.32210193750510135
qwen2.5-32b-instruct-attn,qwen3-8b-attn,qwen2.5-32b-instruct,qwen3-8b,Qwen,Qwen,Qwen2.5,Qwen3,instruct,base,32.0,8.0,False,False,115,40,,,0.9290585035526195,0.625,0.06367874623098378
qwen2.5-32b-instruct-attn,qwen3-14b-attn,qwen2.5-32b-instruct,qwen3-14b,Qwen,Qwen,Qwen2.5,Qwen3,instruct,base,32.0,14.0,False,False,115,63,,,0.915095600345341,0.75,0.15849134763439346
qwen2.5-32b-instruct-attn,qwen3-32b-attn,qwen2.5-32b-instruct,qwen3-32b,Qwen,Qwen,Qwen2.5,Qwen3,instruct,base,32.0,32.0,False,False,115,36,,,0.6969230985661167,0.875,0.312098166609866
qwen2.5-32b-instruct-attn,gemma-2-9b-it-attn,qwen2.5-32b-instruct,gemma-2-9b-it,Qwen,Gemma,Qwen2.5,Gemma2,instruct,it,32.0,9.0,False,False,115,24,,,0.895706908267065,0.75,-0.11915515615989439
qwen2.5-32b-instruct-attn,gemma-2-27b-it-attn,qwen2.5-32b-instruct,gemma-2-27b-it,Qwen,Gemma,Qwen2.5,Gemma2,instruct,it,32.0,27.0,False,False,115,53,,,0.8123263296029944,0.75,-0.458811680039525
qwen2.5-32b-instruct-attn,gemma-3-4b-it-attn,qwen2.5-32b-instruct,gemma-3-4b-it,Qwen,Gemma,Qwen2.5,Gemma3,instruct,it,32.0,4.0,False,False,115,17,,,0.7693614255179846,0.5555555555555556,-0.047470034582916605
qwen2.5-32b-instruct-attn,gemma-3-12b-it-attn,qwen2.5-32b-instruct,gemma-3-12b-it,Qwen,Gemma,Qwen2.5,Gemma3,instruct,it,32.0,12.0,False,False,115,25,,,0.8982151989748286,0.7777777777777778,-0.17124295986914118
qwen2.5-32b-instruct-attn,gemma-3-27b-it-attn,qwen2.5-32b-instruct,gemma-3-27b-it,Qwen,Gemma,Qwen2.5,Gemma3,instruct,it,32.0,27.0,False,False,115,43,,,0.7596853165684634,0.5555555555555556,-0.3372669296310216
qwen2.5-coder-7b-instruct-attn,qwen2.5-coder-14b-instruct-attn,qwen2.5-coder-7b-instruct,qwen2.5-coder-14b-instruct,Qwen,Qwen,Qwen2.5,Qwen2.5,coder-instruct,coder-instruct,7.0,14.0,False,False,28,46,,,0.7243200508296818,0.7142857142857143,0.20452017690887633
qwen2.5-coder-7b-instruct-attn,qwen2.5-coder-32b-instruct-attn,qwen2.5-coder-7b-instruct,qwen2.5-coder-32b-instruct,Qwen,Qwen,Qwen2.5,Qwen2.5,coder-instruct,coder-instruct,7.0,32.0,False,False,28,118,,,0.598329423513747,0.75,-0.09597523515402755
qwen2.5-coder-7b-instruct-attn,qwen3-8b-attn,qwen2.5-coder-7b-instruct,qwen3-8b,Qwen,Qwen,Qwen2.5,Qwen3,coder-instruct,base,7.0,8.0,False,False,28,40,,,0.552153473259691,0.8333333333333334,-0.18735390519372494
qwen2.5-coder-7b-instruct-attn,qwen3-14b-attn,qwen2.5-coder-7b-instruct,qwen3-14b,Qwen,Qwen,Qwen2.5,Qwen3,coder-instruct,base,7.0,14.0,False,False,28,63,,,0.7773334588216165,1.0,-0.015189055062091871
qwen2.5-coder-7b-instruct-attn,qwen3-32b-attn,qwen2.5-coder-7b-instruct,qwen3-32b,Qwen,Qwen,Qwen2.5,Qwen3,coder-instruct,base,7.0,32.0,False,False,28,36,,,0.8540523168113284,0.8571428571428571,-0.3567546989044354
qwen2.5-coder-7b-instruct-attn,gemma-2-9b-it-attn,qwen2.5-coder-7b-instruct,gemma-2-9b-it,Qwen,Gemma,Qwen2.5,Gemma2,coder-instruct,it,7.0,9.0,False,False,28,24,,,0.7561521065806697,1.0,0.18956684638812601
qwen2.5-coder-7b-instruct-attn,gemma-2-27b-it-attn,qwen2.5-coder-7b-instruct,gemma-2-27b-it,Qwen,Gemma,Qwen2.5,Gemma2,coder-instruct,it,7.0,27.0,False,False,28,53,,,0.8598948793846567,0.7142857142857143,0.17554902659333146
qwen2.5-coder-7b-instruct-attn,gemma-3-4b-it-attn,qwen2.5-coder-7b-instruct,gemma-3-4b-it,Qwen,Gemma,Qwen2.5,Gemma3,coder-instruct,it,7.0,4.0,False,False,28,17,,,0.8197280924557749,0.7142857142857143,0.1785781222692475
qwen2.5-coder-7b-instruct-attn,gemma-3-12b-it-attn,qwen2.5-coder-7b-instruct,gemma-3-12b-it,Qwen,Gemma,Qwen2.5,Gemma3,coder-instruct,it,7.0,12.0,False,False,28,25,,,0.7332021970124589,0.75,-0.015922219058570126
qwen2.5-coder-7b-instruct-attn,gemma-3-27b-it-attn,qwen2.5-coder-7b-instruct,gemma-3-27b-it,Qwen,Gemma,Qwen2.5,Gemma3,coder-instruct,it,7.0,27.0,False,False,28,43,,,0.7261928122429239,0.5,-0.08638542578143096
qwen2.5-coder-14b-instruct-attn,qwen2.5-coder-32b-instruct-attn,qwen2.5-coder-14b-instruct,qwen2.5-coder-32b-instruct,Qwen,Qwen,Qwen2.5,Qwen2.5,coder-instruct,coder-instruct,14.0,32.0,False,False,46,118,,,0.6946084019838913,0.5555555555555556,-0.09253107726152858
qwen2.5-coder-14b-instruct-attn,qwen3-8b-attn,qwen2.5-coder-14b-instruct,qwen3-8b,Qwen,Qwen,Qwen2.5,Qwen3,coder-instruct,base,14.0,8.0,False,False,46,40,,,0.9141425473776585,0.8333333333333334,0.11780637229792114
qwen2.5-coder-14b-instruct-attn,qwen3-14b-attn,qwen2.5-coder-14b-instruct,qwen3-14b,Qwen,Qwen,Qwen2.5,Qwen3,coder-instruct,base,14.0,14.0,False,False,46,63,,,0.980747926193766,0.7142857142857143,-0.0706171318040275
qwen2.5-coder-14b-instruct-attn,qwen3-32b-attn,qwen2.5-coder-14b-instruct,qwen3-32b,Qwen,Qwen,Qwen2.5,Qwen3,coder-instruct,base,14.0,32.0,False,False,46,36,,,0.556161631015017,0.8571428571428571,-0.12389462850959443
qwen2.5-coder-14b-instruct-attn,gemma-2-9b-it-attn,qwen2.5-coder-14b-instruct,gemma-2-9b-it,Qwen,Gemma,Qwen2.5,Gemma2,coder-instruct,it,14.0,9.0,False,False,46,24,,,0.9209957626364234,0.7142857142857143,-0.3922282653111483
qwen2.5-coder-14b-instruct-attn,gemma-2-27b-it-attn,qwen2.5-coder-14b-instruct,gemma-2-27b-it,Qwen,Gemma,Qwen2.5,Gemma2,coder-instruct,it,14.0,27.0,False,False,46,53,,,0.8686394988749765,1.0,-0.10111476264244999
qwen2.5-coder-14b-instruct-attn,gemma-3-4b-it-attn,qwen2.5-coder-14b-instruct,gemma-3-4b-it,Qwen,Gemma,Qwen2.5,Gemma3,coder-instruct,it,14.0,4.0,False,False,46,17,,,0.7982186558234186,0.7142857142857143,-0.15704556945015408
qwen2.5-coder-14b-instruct-attn,gemma-3-12b-it-attn,qwen2.5-coder-14b-instruct,gemma-3-12b-it,Qwen,Gemma,Qwen2.5,Gemma3,coder-instruct,it,14.0,12.0,False,False,46,25,,,0.9029090564881785,0.5555555555555556,-0.2300114244851634
qwen2.5-coder-14b-instruct-attn,gemma-3-27b-it-attn,qwen2.5-coder-14b-instruct,gemma-3-27b-it,Qwen,Gemma,Qwen2.5,Gemma3,coder-instruct,it,14.0,27.0,False,False,46,43,,,0.7808893326255372,0.7142857142857143,-0.19232505897184576
qwen2.5-coder-32b-instruct-attn,qwen3-8b-attn,qwen2.5-coder-32b-instruct,qwen3-8b,Qwen,Qwen,Qwen2.5,Qwen3,coder-instruct,base,32.0,8.0,False,False,118,40,,,0.7366417683872583,0.625,0.05678349208126467
qwen2.5-coder-32b-instruct-attn,qwen3-14b-attn,qwen2.5-coder-32b-instruct,qwen3-14b,Qwen,Qwen,Qwen2.5,Qwen3,coder-instruct,base,32.0,14.0,False,False,118,63,,,0.7508160796254284,0.75,0.040992047396620414
qwen2.5-coder-32b-instruct-attn,qwen3-32b-attn,qwen2.5-coder-32b-instruct,qwen3-32b,Qwen,Qwen,Qwen2.5,Qwen3,coder-instruct,base,32.0,32.0,False,False,118,36,,,0.7232185867902902,0.6666666666666666,0.13866948893731007
qwen2.5-coder-32b-instruct-attn,gemma-2-9b-it-attn,qwen2.5-coder-32b-instruct,gemma-2-9b-it,Qwen,Gemma,Qwen2.5,Gemma2,coder-instruct,it,32.0,9.0,False,False,118,24,,,0.7307793178607548,0.75,-0.15470238841843414
qwen2.5-coder-32b-instruct-attn,gemma-2-27b-it-attn,qwen2.5-coder-32b-instruct,gemma-2-27b-it,Qwen,Gemma,Qwen2.5,Gemma2,coder-instruct,it,32.0,27.0,False,False,118,53,,,0.6431367535784421,0.5555555555555556,-0.14710870241939686
qwen2.5-coder-32b-instruct-attn,gemma-3-4b-it-attn,qwen2.5-coder-32b-instruct,gemma-3-4b-it,Qwen,Gemma,Qwen2.5,Gemma3,coder-instruct,it,32.0,4.0,False,False,118,17,,,0.6115578147885756,0.75,-0.050387096110491414
qwen2.5-coder-32b-instruct-attn,gemma-3-12b-it-attn,qwen2.5-coder-32b-instruct,gemma-3-12b-it,Qwen,Gemma,Qwen2.5,Gemma3,coder-instruct,it,32.0,12.0,False,False,118,25,,,0.8310935857844874,1.0,0.11342324924445887
qwen2.5-coder-32b-instruct-attn,gemma-3-27b-it-attn,qwen2.5-coder-32b-instruct,gemma-3-27b-it,Qwen,Gemma,Qwen2.5,Gemma3,coder-instruct,it,32.0,27.0,False,False,118,43,,,0.5909694731704609,0.4,-0.21379942916100145
qwen3-8b-attn,qwen3-14b-attn,qwen3-8b,qwen3-14b,Qwen,Qwen,Qwen3,Qwen3,base,base,8.0,14.0,False,False,40,63,,,0.8866284026932265,0.8333333333333334,0.6059441528967375
qwen3-8b-attn,qwen3-32b-attn,qwen3-8b,qwen3-32b,Qwen,Qwen,Qwen3,Qwen3,base,base,8.0,32.0,False,False,40,36,,,0.46202990405042715,0.7142857142857143,0.061387416392956765
qwen3-8b-attn,gemma-2-9b-it-attn,qwen3-8b,gemma-2-9b-it,Qwen,Gemma,Qwen3,Gemma2,base,it,8.0,9.0,False,False,40,24,,,0.9314423850220651,0.8333333333333334,-0.1487273176092716
qwen3-8b-attn,gemma-2-27b-it-attn,qwen3-8b,gemma-2-27b-it,Qwen,Gemma,Qwen3,Gemma2,base,it,8.0,27.0,False,False,40,53,,,0.7109748867936478,0.8333333333333334,-0.09462275474908123
qwen3-8b-attn,gemma-3-4b-it-attn,qwen3-8b,gemma-3-4b-it,Qwen,Gemma,Qwen3,Gemma3,base,it,8.0,4.0,False,False,40,17,,,0.7325757513718942,0.8333333333333334,-0.08843470942789511
qwen3-8b-attn,gemma-3-12b-it-attn,qwen3-8b,gemma-3-12b-it,Qwen,Gemma,Qwen3,Gemma3,base,it,8.0,12.0,False,False,40,25,,,0.8543997145060542,0.625,-0.029044321157986743
qwen3-8b-attn,gemma-3-27b-it-attn,qwen3-8b,gemma-3-27b-it,Qwen,Gemma,Qwen3,Gemma3,base,it,8.0,27.0,False,False,40,43,,,0.6332278983361164,0.5714285714285714,-0.0692515017456682
qwen3-14b-attn,qwen3-32b-attn,qwen3-14b,qwen3-32b,Qwen,Qwen,Qwen3,Qwen3,base,base,14.0,32.0,False,False,63,36,,,0.6468916934299253,0.8571428571428571,0.08996835158925723
qwen3-14b-attn,gemma-2-9b-it-attn,qwen3-14b,gemma-2-9b-it,Qwen,Gemma,Qwen3,Gemma2,base,it,14.0,9.0,False,False,63,24,,,0.8894553650723752,1.0,0.06691747252887979
qwen3-14b-attn,gemma-2-27b-it-attn,qwen3-14b,gemma-2-27b-it,Qwen,Gemma,Qwen3,Gemma2,base,it,14.0,27.0,False,False,63,53,,,0.9004986187896548,0.7142857142857143,-0.11847415565426904
qwen3-14b-attn,gemma-3-4b-it-attn,qwen3-14b,gemma-3-4b-it,Qwen,Gemma,Qwen3,Gemma3,base,it,14.0,4.0,False,False,63,17,,,0.7803790575063676,0.7142857142857143,-0.09540151171273215
qwen3-14b-attn,gemma-3-12b-it-attn,qwen3-14b,gemma-3-12b-it,Qwen,Gemma,Qwen3,Gemma3,base,it,14.0,12.0,False,False,63,25,,,0.8877298718682015,0.75,-0.16781256389890728
qwen3-14b-attn,gemma-3-27b-it-attn,qwen3-14b,gemma-3-27b-it,Qwen,Gemma,Qwen3,Gemma3,base,it,14.0,27.0,False,False,63,43,,,0.8205830543887139,0.5,-0.1494252372833431
qwen3-32b-attn,gemma-2-9b-it-attn,qwen3-32b,gemma-2-9b-it,Qwen,Gemma,Qwen3,Gemma2,base,it,32.0,9.0,False,False,36,24,,,0.6479887309581325,0.8571428571428571,-0.34526057401201077
qwen3-32b-attn,gemma-2-27b-it-attn,qwen3-32b,gemma-2-27b-it,Qwen,Gemma,Qwen3,Gemma2,base,it,32.0,27.0,False,False,36,53,,,0.7049888680633024,0.8571428571428571,-0.3689943073993112
qwen3-32b-attn,gemma-3-4b-it-attn,qwen3-32b,gemma-3-4b-it,Qwen,Gemma,Qwen3,Gemma3,base,it,32.0,4.0,False,False,36,17,,,0.6723895474570939,0.625,-0.459499611332662
qwen3-32b-attn,gemma-3-12b-it-attn,qwen3-32b,gemma-3-12b-it,Qwen,Gemma,Qwen3,Gemma3,base,it,32.0,12.0,False,False,36,25,,,0.6344413625763665,0.6666666666666666,-0.3290921821578008
qwen3-32b-attn,gemma-3-27b-it-attn,qwen3-32b,gemma-3-27b-it,Qwen,Gemma,Qwen3,Gemma3,base,it,32.0,27.0,False,False,36,43,,,0.6182030461404142,0.625,-0.19176564882323363
gemma-2-9b-it-attn,gemma-2-27b-it-attn,gemma-2-9b-it,gemma-2-27b-it,Gemma,Gemma,Gemma2,Gemma2,it,it,9.0,27.0,False,False,24,53,,,0.7923664027283965,0.7142857142857143,0.5604569923479464
gemma-2-9b-it-attn,gemma-3-4b-it-attn,gemma-2-9b-it,gemma-3-4b-it,Gemma,Gemma,Gemma2,Gemma3,it,it,9.0,4.0,False,False,24,17,,,0.8732020484423711,0.7142857142857143,0.4989927596711891
gemma-2-9b-it-attn,gemma-3-12b-it-attn,gemma-2-9b-it,gemma-3-12b-it,Gemma,Gemma,Gemma2,Gemma3,it,it,9.0,12.0,False,False,24,25,,,0.9086649909441012,0.75,0.5992382372916638
gemma-2-9b-it-attn,gemma-3-27b-it-attn,gemma-2-9b-it,gemma-3-27b-it,Gemma,Gemma,Gemma2,Gemma3,it,it,9.0,27.0,False,False,24,43,,,0.6666020867882565,0.5,0.3027831390538482
gemma-2-27b-it-attn,gemma-3-4b-it-attn,gemma-2-27b-it,gemma-3-4b-it,Gemma,Gemma,Gemma2,Gemma3,it,it,27.0,4.0,False,False,53,17,,,0.9001145322966286,0.7142857142857143,0.4914002281004305
gemma-2-27b-it-attn,gemma-3-12b-it-attn,gemma-2-27b-it,gemma-3-12b-it,Gemma,Gemma,Gemma2,Gemma3,it,it,27.0,12.0,False,False,53,25,,,0.8746742524448148,0.5555555555555556,0.5987700125100452
gemma-2-27b-it-attn,gemma-3-27b-it-attn,gemma-2-27b-it,gemma-3-27b-it,Gemma,Gemma,Gemma2,Gemma3,it,it,27.0,27.0,False,False,53,43,,,0.9649928389466277,0.7142857142857143,0.6289964814960551
gemma-3-4b-it-attn,gemma-3-12b-it-attn,gemma-3-4b-it,gemma-3-12b-it,Gemma,Gemma,Gemma3,Gemma3,it,it,4.0,12.0,False,False,17,25,,,0.8975858493340956,0.75,0.5673054456779125
gemma-3-4b-it-attn,gemma-3-27b-it-attn,gemma-3-4b-it,gemma-3-27b-it,Gemma,Gemma,Gemma3,Gemma3,it,it,4.0,27.0,False,False,17,43,,,0.8321778017812677,0.5,0.1568157680678003
gemma-3-12b-it-attn,gemma-3-27b-it-attn,gemma-3-12b-it,gemma-3-27b-it,Gemma,Gemma,Gemma3,Gemma3,it,it,12.0,27.0,False,False,25,43,,,0.8111651995918461,0.4,0.5263765799772959
